start,end,alertname,namespace,severity,silenced,labels
0,15,StressTestAlert_0001,openshift-monitoring,critical,false,{"component": "monitoring"}
0,15,StressTestAlert_0002,openshift-monitoring,critical,false,{"component": "monitoring"}
0,15,StressTestAlert_0003,openshift-monitoring,critical,false,{"component": "monitoring"}
0,15,StressTestAlert_0004,openshift-monitoring,critical,false,{"component": "monitoring"}
0,15,StressTestAlert_0005,openshift-monitoring,critical,false,{"component": "monitoring"}
0,15,StressTestAlert_0006,openshift-monitoring,critical,false,{"component": "monitoring"}
0,15,StressTestAlert_0007,openshift-monitoring,critical,false,{"component": "monitoring"}
0,15,StressTestAlert_0008,openshift-monitoring,critical,false,{"component": "monitoring"}
0,15,StressTestAlert_0009,openshift-monitoring,critical,false,{"component": "monitoring"}
0,15,StressTestAlert_0010,openshift-monitoring,critical,false,{"component": "monitoring"}
0,15,StressTestAlert_0011,openshift-monitoring,critical,false,{"component": "monitoring"}
0,15,StressTestAlert_0012,openshift-monitoring,critical,false,{"component": "monitoring"}
0,15,StressTestAlert_0013,openshift-monitoring,critical,false,{"component": "monitoring"}
0,15,StressTestAlert_0014,openshift-monitoring,critical,false,{"component": "monitoring"}
0,15,StressTestAlert_0015,openshift-monitoring,critical,false,{"component": "monitoring"}
0,15,StressTestAlert_0016,openshift-monitoring,critical,false,{"component": "monitoring"}
0,15,StressTestAlert_0017,openshift-monitoring,critical,false,{"component": "monitoring"}
0,15,StressTestAlert_0018,openshift-monitoring,critical,false,{"component": "monitoring"}
0,15,StressTestAlert_0019,openshift-monitoring,critical,false,{"component": "monitoring"}
0,15,StressTestAlert_0020,openshift-monitoring,critical,false,{"component": "monitoring"}
0,15,StressTestAlert_0021,openshift-monitoring,critical,false,{"component": "monitoring"}
0,15,StressTestAlert_0022,openshift-monitoring,critical,false,{"component": "monitoring"}
0,15,StressTestAlert_0023,openshift-monitoring,critical,false,{"component": "monitoring"}
0,15,StressTestAlert_0024,openshift-monitoring,critical,false,{"component": "monitoring"}
0,15,StressTestAlert_0025,openshift-monitoring,critical,false,{"component": "monitoring"}
0,15,StressTestAlert_0026,openshift-monitoring,critical,false,{"component": "monitoring"}
0,15,StressTestAlert_0027,openshift-monitoring,critical,false,{"component": "monitoring"}
0,15,StressTestAlert_0028,openshift-monitoring,critical,false,{"component": "monitoring"}
0,15,StressTestAlert_0029,openshift-monitoring,critical,false,{"component": "monitoring"}
0,15,StressTestAlert_0030,openshift-monitoring,critical,false,{"component": "monitoring"}
0,15,StressTestAlert_0031,openshift-monitoring,critical,false,{"component": "monitoring"}
0,15,StressTestAlert_0032,openshift-monitoring,critical,false,{"component": "monitoring"}
0,15,StressTestAlert_0033,openshift-monitoring,critical,false,{"component": "monitoring"}
0,15,StressTestAlert_0034,openshift-monitoring,critical,false,{"component": "monitoring"}
0,15,StressTestAlert_0035,openshift-monitoring,critical,false,{"component": "monitoring"}
0,15,StressTestAlert_0036,openshift-monitoring,critical,false,{"component": "monitoring"}
0,15,StressTestAlert_0037,openshift-monitoring,critical,false,{"component": "monitoring"}
0,15,StressTestAlert_0038,openshift-monitoring,critical,false,{"component": "monitoring"}
0,15,StressTestAlert_0039,openshift-monitoring,critical,false,{"component": "monitoring"}
0,15,StressTestAlert_0040,openshift-monitoring,critical,false,{"component": "monitoring"}
0,15,StressTestAlert_0041,openshift-monitoring,critical,false,{"component": "monitoring"}
0,15,StressTestAlert_0042,openshift-monitoring,critical,false,{"component": "monitoring"}
0,15,StressTestAlert_0043,openshift-monitoring,critical,false,{"component": "monitoring"}
0,15,StressTestAlert_0044,openshift-monitoring,critical,false,{"component": "monitoring"}
0,15,StressTestAlert_0045,openshift-monitoring,critical,false,{"component": "monitoring"}
0,15,StressTestAlert_0046,openshift-monitoring,critical,false,{"component": "monitoring"}
0,15,StressTestAlert_0047,openshift-monitoring,critical,false,{"component": "monitoring"}
0,15,StressTestAlert_0048,openshift-monitoring,critical,false,{"component": "monitoring"}
0,15,StressTestAlert_0049,openshift-monitoring,critical,false,{"component": "monitoring"}
0,15,StressTestAlert_0050,openshift-monitoring,critical,false,{"component": "monitoring"}
0,15,StressTestAlert_0051,openshift-monitoring,critical,false,{"component": "monitoring"}
0,15,StressTestAlert_0052,openshift-monitoring,critical,false,{"component": "monitoring"}
0,15,StressTestAlert_0053,openshift-monitoring,critical,false,{"component": "monitoring"}
0,15,StressTestAlert_0054,openshift-monitoring,critical,false,{"component": "monitoring"}
0,15,StressTestAlert_0055,openshift-monitoring,critical,false,{"component": "monitoring"}
0,15,StressTestAlert_0056,openshift-monitoring,critical,false,{"component": "monitoring"}
0,15,StressTestAlert_0057,openshift-monitoring,critical,false,{"component": "monitoring"}
0,15,StressTestAlert_0058,openshift-monitoring,critical,false,{"component": "monitoring"}
0,15,StressTestAlert_0059,openshift-monitoring,critical,false,{"component": "monitoring"}
0,15,StressTestAlert_0060,openshift-monitoring,critical,false,{"component": "monitoring"}
0,15,StressTestAlert_0061,openshift-monitoring,critical,false,{"component": "monitoring"}
0,15,StressTestAlert_0062,openshift-monitoring,critical,false,{"component": "monitoring"}
0,15,StressTestAlert_0063,openshift-monitoring,critical,false,{"component": "monitoring"}
0,15,StressTestAlert_0064,openshift-monitoring,critical,false,{"component": "monitoring"}
0,15,StressTestAlert_0065,openshift-monitoring,critical,false,{"component": "monitoring"}
0,15,StressTestAlert_0066,openshift-monitoring,critical,false,{"component": "monitoring"}
0,15,StressTestAlert_0067,openshift-monitoring,critical,false,{"component": "monitoring"}
0,15,StressTestAlert_0068,openshift-monitoring,critical,false,{"component": "monitoring"}
0,15,StressTestAlert_0069,openshift-monitoring,critical,false,{"component": "monitoring"}
0,15,StressTestAlert_0070,openshift-monitoring,critical,false,{"component": "monitoring"}
0,15,StressTestAlert_0071,openshift-monitoring,critical,false,{"component": "monitoring"}
0,15,StressTestAlert_0072,openshift-monitoring,critical,false,{"component": "monitoring"}
0,15,StressTestAlert_0073,openshift-monitoring,critical,false,{"component": "monitoring"}
0,15,StressTestAlert_0074,openshift-monitoring,critical,false,{"component": "monitoring"}
0,15,StressTestAlert_0075,openshift-monitoring,critical,false,{"component": "monitoring"}
0,15,StressTestAlert_0076,openshift-monitoring,critical,false,{"component": "monitoring"}
0,15,StressTestAlert_0077,openshift-monitoring,critical,false,{"component": "monitoring"}
0,15,StressTestAlert_0078,openshift-monitoring,critical,false,{"component": "monitoring"}
0,15,StressTestAlert_0079,openshift-monitoring,critical,false,{"component": "monitoring"}
0,15,StressTestAlert_0080,openshift-monitoring,critical,false,{"component": "monitoring"}
0,15,StressTestAlert_0081,openshift-monitoring,critical,false,{"component": "monitoring"}
0,15,StressTestAlert_0082,openshift-monitoring,critical,false,{"component": "monitoring"}
0,15,StressTestAlert_0083,openshift-monitoring,critical,false,{"component": "monitoring"}
0,15,StressTestAlert_0084,openshift-monitoring,critical,false,{"component": "monitoring"}
0,15,StressTestAlert_0085,openshift-monitoring,critical,false,{"component": "monitoring"}
0,15,StressTestAlert_0086,openshift-monitoring,critical,false,{"component": "monitoring"}
0,15,StressTestAlert_0087,openshift-monitoring,critical,false,{"component": "monitoring"}
0,15,StressTestAlert_0088,openshift-monitoring,critical,false,{"component": "monitoring"}
0,15,StressTestAlert_0089,openshift-monitoring,critical,false,{"component": "monitoring"}
0,15,StressTestAlert_0090,openshift-monitoring,critical,false,{"component": "monitoring"}
0,15,StressTestAlert_0091,openshift-monitoring,critical,false,{"component": "monitoring"}
0,15,StressTestAlert_0092,openshift-monitoring,critical,false,{"component": "monitoring"}
0,15,StressTestAlert_0093,openshift-monitoring,critical,false,{"component": "monitoring"}
0,15,StressTestAlert_0094,openshift-monitoring,critical,false,{"component": "monitoring"}
0,15,StressTestAlert_0095,openshift-monitoring,critical,false,{"component": "monitoring"}
0,15,StressTestAlert_0096,openshift-monitoring,critical,false,{"component": "monitoring"}
0,15,StressTestAlert_0097,openshift-monitoring,critical,false,{"component": "monitoring"}
0,15,StressTestAlert_0098,openshift-monitoring,critical,false,{"component": "monitoring"}
0,15,StressTestAlert_0099,openshift-monitoring,critical,false,{"component": "monitoring"}
0,15,StressTestAlert_0100,openshift-monitoring,critical,false,{"component": "monitoring"}
0,15,StressTestAlert_0101,openshift-monitoring,critical,false,{"component": "monitoring"}
0,15,StressTestAlert_0102,openshift-monitoring,critical,false,{"component": "monitoring"}
0,15,StressTestAlert_0103,openshift-monitoring,critical,false,{"component": "monitoring"}
0,15,StressTestAlert_0104,openshift-monitoring,critical,false,{"component": "monitoring"}
0,15,StressTestAlert_0105,openshift-monitoring,critical,false,{"component": "monitoring"}
0,15,StressTestAlert_0106,openshift-monitoring,critical,false,{"component": "monitoring"}
0,15,StressTestAlert_0107,openshift-monitoring,critical,false,{"component": "monitoring"}
0,15,StressTestAlert_0108,openshift-monitoring,critical,false,{"component": "monitoring"}
0,15,StressTestAlert_0109,openshift-monitoring,critical,false,{"component": "monitoring"}
0,15,StressTestAlert_0110,openshift-monitoring,critical,false,{"component": "monitoring"}
0,15,StressTestAlert_0111,openshift-monitoring,critical,false,{"component": "monitoring"}
0,15,StressTestAlert_0112,openshift-monitoring,critical,false,{"component": "monitoring"}
0,15,StressTestAlert_0113,openshift-monitoring,critical,false,{"component": "monitoring"}
0,15,StressTestAlert_0114,openshift-monitoring,critical,false,{"component": "monitoring"}
0,15,StressTestAlert_0115,openshift-monitoring,critical,false,{"component": "monitoring"}
0,15,StressTestAlert_0116,openshift-monitoring,critical,false,{"component": "monitoring"}
0,15,StressTestAlert_0117,openshift-monitoring,critical,false,{"component": "monitoring"}
0,15,StressTestAlert_0118,openshift-monitoring,critical,false,{"component": "monitoring"}
0,15,StressTestAlert_0119,openshift-monitoring,critical,false,{"component": "monitoring"}
0,15,StressTestAlert_0120,openshift-monitoring,critical,false,{"component": "monitoring"}
0,15,StressTestAlert_0121,openshift-monitoring,critical,false,{"component": "monitoring"}
0,15,StressTestAlert_0122,openshift-monitoring,critical,false,{"component": "monitoring"}
0,15,StressTestAlert_0123,openshift-monitoring,critical,false,{"component": "monitoring"}
0,15,StressTestAlert_0124,openshift-monitoring,critical,false,{"component": "monitoring"}
0,15,StressTestAlert_0125,openshift-monitoring,critical,false,{"component": "monitoring"}
0,15,StressTestAlert_0126,openshift-monitoring,critical,false,{"component": "monitoring"}
0,15,StressTestAlert_0127,openshift-monitoring,critical,false,{"component": "monitoring"}
0,15,StressTestAlert_0128,openshift-monitoring,critical,false,{"component": "monitoring"}
0,15,StressTestAlert_0129,openshift-monitoring,critical,false,{"component": "monitoring"}
0,15,StressTestAlert_0130,openshift-monitoring,critical,false,{"component": "monitoring"}
0,15,StressTestAlert_0131,openshift-monitoring,critical,false,{"component": "monitoring"}
0,15,StressTestAlert_0132,openshift-monitoring,critical,false,{"component": "monitoring"}
0,15,StressTestAlert_0133,openshift-monitoring,critical,false,{"component": "monitoring"}
0,15,StressTestAlert_0134,openshift-monitoring,critical,false,{"component": "monitoring"}
0,15,StressTestAlert_0135,openshift-monitoring,critical,false,{"component": "monitoring"}
0,15,StressTestAlert_0136,openshift-monitoring,critical,false,{"component": "monitoring"}
0,15,StressTestAlert_0137,openshift-monitoring,critical,false,{"component": "monitoring"}
0,15,StressTestAlert_0138,openshift-monitoring,critical,false,{"component": "monitoring"}
0,15,StressTestAlert_0139,openshift-monitoring,critical,false,{"component": "monitoring"}
0,15,StressTestAlert_0140,openshift-monitoring,critical,false,{"component": "monitoring"}
0,15,StressTestAlert_0141,openshift-monitoring,critical,false,{"component": "monitoring"}
0,15,StressTestAlert_0142,openshift-monitoring,critical,false,{"component": "monitoring"}
0,15,StressTestAlert_0143,openshift-monitoring,critical,false,{"component": "monitoring"}
0,15,StressTestAlert_0144,openshift-monitoring,critical,false,{"component": "monitoring"}
0,15,StressTestAlert_0145,openshift-monitoring,critical,false,{"component": "monitoring"}
0,15,StressTestAlert_0146,openshift-monitoring,critical,false,{"component": "monitoring"}
0,15,StressTestAlert_0147,openshift-monitoring,critical,false,{"component": "monitoring"}
0,15,StressTestAlert_0148,openshift-monitoring,critical,false,{"component": "monitoring"}
0,15,StressTestAlert_0149,openshift-monitoring,critical,false,{"component": "monitoring"}
0,15,StressTestAlert_0150,openshift-monitoring,critical,false,{"component": "monitoring"}
0,15,StressTestAlert_0151,openshift-monitoring,critical,false,{"component": "monitoring"}
0,15,StressTestAlert_0152,openshift-monitoring,critical,false,{"component": "monitoring"}
0,15,StressTestAlert_0153,openshift-monitoring,critical,false,{"component": "monitoring"}
0,15,StressTestAlert_0154,openshift-monitoring,critical,false,{"component": "monitoring"}
0,15,StressTestAlert_0155,openshift-monitoring,critical,false,{"component": "monitoring"}
0,15,StressTestAlert_0156,openshift-monitoring,critical,false,{"component": "monitoring"}
0,15,StressTestAlert_0157,openshift-monitoring,critical,false,{"component": "monitoring"}
0,15,StressTestAlert_0158,openshift-monitoring,critical,false,{"component": "monitoring"}
0,15,StressTestAlert_0159,openshift-monitoring,critical,false,{"component": "monitoring"}
0,15,StressTestAlert_0160,openshift-monitoring,critical,false,{"component": "monitoring"}
0,15,StressTestAlert_0161,openshift-monitoring,critical,false,{"component": "monitoring"}
0,15,StressTestAlert_0162,openshift-monitoring,critical,false,{"component": "monitoring"}
0,15,StressTestAlert_0163,openshift-monitoring,critical,false,{"component": "monitoring"}
0,15,StressTestAlert_0164,openshift-monitoring,critical,false,{"component": "monitoring"}
0,15,StressTestAlert_0165,openshift-monitoring,critical,false,{"component": "monitoring"}
0,15,StressTestAlert_0166,openshift-monitoring,critical,false,{"component": "monitoring"}
0,15,StressTestAlert_0167,openshift-monitoring,critical,false,{"component": "monitoring"}
0,15,StressTestAlert_0168,openshift-monitoring,critical,false,{"component": "monitoring"}
0,15,StressTestAlert_0169,openshift-monitoring,critical,false,{"component": "monitoring"}
0,15,StressTestAlert_0170,openshift-monitoring,critical,false,{"component": "monitoring"}
0,15,StressTestAlert_0171,openshift-monitoring,critical,false,{"component": "monitoring"}
0,15,StressTestAlert_0172,openshift-monitoring,critical,false,{"component": "monitoring"}
0,15,StressTestAlert_0173,openshift-monitoring,critical,false,{"component": "monitoring"}
0,15,StressTestAlert_0174,openshift-monitoring,critical,false,{"component": "monitoring"}
0,15,StressTestAlert_0175,openshift-monitoring,critical,false,{"component": "monitoring"}
0,15,StressTestAlert_0176,openshift-monitoring,critical,false,{"component": "monitoring"}
0,15,StressTestAlert_0177,openshift-monitoring,critical,false,{"component": "monitoring"}
0,15,StressTestAlert_0178,openshift-monitoring,critical,false,{"component": "monitoring"}
0,15,StressTestAlert_0179,openshift-monitoring,critical,false,{"component": "monitoring"}
0,15,StressTestAlert_0180,openshift-monitoring,critical,false,{"component": "monitoring"}
0,15,StressTestAlert_0181,openshift-monitoring,critical,false,{"component": "monitoring"}
0,15,StressTestAlert_0182,openshift-monitoring,critical,false,{"component": "monitoring"}
0,15,StressTestAlert_0183,openshift-monitoring,critical,false,{"component": "monitoring"}
0,15,StressTestAlert_0184,openshift-monitoring,critical,false,{"component": "monitoring"}
0,15,StressTestAlert_0185,openshift-monitoring,critical,false,{"component": "monitoring"}
0,15,StressTestAlert_0186,openshift-monitoring,critical,false,{"component": "monitoring"}
0,15,StressTestAlert_0187,openshift-monitoring,critical,false,{"component": "monitoring"}
0,15,StressTestAlert_0188,openshift-monitoring,critical,false,{"component": "monitoring"}
0,15,StressTestAlert_0189,openshift-monitoring,critical,false,{"component": "monitoring"}
0,15,StressTestAlert_0190,openshift-monitoring,critical,false,{"component": "monitoring"}
0,15,StressTestAlert_0191,openshift-monitoring,critical,false,{"component": "monitoring"}
0,15,StressTestAlert_0192,openshift-monitoring,critical,false,{"component": "monitoring"}
0,15,StressTestAlert_0193,openshift-monitoring,critical,false,{"component": "monitoring"}
0,15,StressTestAlert_0194,openshift-monitoring,critical,false,{"component": "monitoring"}
0,15,StressTestAlert_0195,openshift-monitoring,critical,false,{"component": "monitoring"}
0,15,StressTestAlert_0196,openshift-monitoring,critical,false,{"component": "monitoring"}
0,15,StressTestAlert_0197,openshift-monitoring,critical,false,{"component": "monitoring"}
0,15,StressTestAlert_0198,openshift-monitoring,critical,false,{"component": "monitoring"}
0,15,StressTestAlert_0199,openshift-monitoring,critical,false,{"component": "monitoring"}
0,15,StressTestAlert_0200,openshift-monitoring,critical,false,{"component": "monitoring"}
0,15,StressTestAlert_0201,openshift-monitoring,critical,false,{"component": "monitoring"}
0,15,StressTestAlert_0202,openshift-monitoring,critical,false,{"component": "monitoring"}
0,15,StressTestAlert_0203,openshift-monitoring,critical,false,{"component": "monitoring"}
0,15,StressTestAlert_0204,openshift-monitoring,critical,false,{"component": "monitoring"}
0,15,StressTestAlert_0205,openshift-monitoring,critical,false,{"component": "monitoring"}
0,15,StressTestAlert_0206,openshift-monitoring,critical,false,{"component": "monitoring"}
0,15,StressTestAlert_0207,openshift-monitoring,critical,false,{"component": "monitoring"}
0,15,StressTestAlert_0208,openshift-monitoring,critical,false,{"component": "monitoring"}
0,15,StressTestAlert_0209,openshift-monitoring,critical,false,{"component": "monitoring"}
0,15,StressTestAlert_0210,openshift-monitoring,critical,false,{"component": "monitoring"}
0,15,StressTestAlert_0211,openshift-monitoring,critical,false,{"component": "monitoring"}
0,15,StressTestAlert_0212,openshift-monitoring,critical,false,{"component": "monitoring"}
0,15,StressTestAlert_0213,openshift-monitoring,critical,false,{"component": "monitoring"}
0,15,StressTestAlert_0214,openshift-monitoring,critical,false,{"component": "monitoring"}
0,15,StressTestAlert_0215,openshift-monitoring,critical,false,{"component": "monitoring"}
0,15,StressTestAlert_0216,openshift-monitoring,critical,false,{"component": "monitoring"}
0,15,StressTestAlert_0217,openshift-monitoring,critical,false,{"component": "monitoring"}
0,15,StressTestAlert_0218,openshift-monitoring,critical,false,{"component": "monitoring"}
0,15,StressTestAlert_0219,openshift-monitoring,critical,false,{"component": "monitoring"}
0,15,StressTestAlert_0220,openshift-monitoring,critical,false,{"component": "monitoring"}
0,15,StressTestAlert_0221,openshift-monitoring,critical,false,{"component": "monitoring"}
0,15,StressTestAlert_0222,openshift-monitoring,critical,false,{"component": "monitoring"}
0,15,StressTestAlert_0223,openshift-monitoring,critical,false,{"component": "monitoring"}
0,15,StressTestAlert_0224,openshift-monitoring,critical,false,{"component": "monitoring"}
0,15,StressTestAlert_0225,openshift-monitoring,critical,false,{"component": "monitoring"}
0,15,StressTestAlert_0226,openshift-monitoring,critical,false,{"component": "monitoring"}
0,15,StressTestAlert_0227,openshift-monitoring,critical,false,{"component": "monitoring"}
0,15,StressTestAlert_0228,openshift-monitoring,critical,false,{"component": "monitoring"}
0,15,StressTestAlert_0229,openshift-monitoring,critical,false,{"component": "monitoring"}
0,15,StressTestAlert_0230,openshift-monitoring,critical,false,{"component": "monitoring"}
0,15,StressTestAlert_0231,openshift-monitoring,critical,false,{"component": "monitoring"}
0,15,StressTestAlert_0232,openshift-monitoring,critical,false,{"component": "monitoring"}
0,15,StressTestAlert_0233,openshift-monitoring,critical,false,{"component": "monitoring"}
0,15,StressTestAlert_0234,openshift-monitoring,critical,false,{"component": "monitoring"}
0,15,StressTestAlert_0235,openshift-monitoring,critical,false,{"component": "monitoring"}
0,15,StressTestAlert_0236,openshift-monitoring,critical,false,{"component": "monitoring"}
0,15,StressTestAlert_0237,openshift-monitoring,critical,false,{"component": "monitoring"}
0,15,StressTestAlert_0238,openshift-monitoring,critical,false,{"component": "monitoring"}
0,15,StressTestAlert_0239,openshift-monitoring,critical,false,{"component": "monitoring"}
0,15,StressTestAlert_0240,openshift-monitoring,critical,false,{"component": "monitoring"}
0,15,StressTestAlert_0241,openshift-monitoring,critical,false,{"component": "monitoring"}
0,15,StressTestAlert_0242,openshift-monitoring,critical,false,{"component": "monitoring"}
0,15,StressTestAlert_0243,openshift-monitoring,critical,false,{"component": "monitoring"}
0,15,StressTestAlert_0244,openshift-monitoring,critical,false,{"component": "monitoring"}
0,15,StressTestAlert_0245,openshift-monitoring,critical,false,{"component": "monitoring"}
0,15,StressTestAlert_0246,openshift-monitoring,critical,false,{"component": "monitoring"}
0,15,StressTestAlert_0247,openshift-monitoring,critical,false,{"component": "monitoring"}
0,15,StressTestAlert_0248,openshift-monitoring,critical,false,{"component": "monitoring"}
0,15,StressTestAlert_0249,openshift-monitoring,critical,false,{"component": "monitoring"}
0,15,StressTestAlert_0250,openshift-monitoring,critical,false,{"component": "monitoring"}
0,15,StressTestAlert_0251,openshift-monitoring,critical,false,{"component": "monitoring"}
0,15,StressTestAlert_0252,openshift-monitoring,critical,false,{"component": "monitoring"}
0,15,StressTestAlert_0253,openshift-monitoring,critical,false,{"component": "monitoring"}
0,15,StressTestAlert_0254,openshift-monitoring,critical,false,{"component": "monitoring"}
0,15,StressTestAlert_0255,openshift-monitoring,critical,false,{"component": "monitoring"}
0,15,StressTestAlert_0256,openshift-monitoring,critical,false,{"component": "monitoring"}
0,15,StressTestAlert_0257,openshift-monitoring,critical,false,{"component": "monitoring"}
0,15,StressTestAlert_0258,openshift-monitoring,critical,false,{"component": "monitoring"}
0,15,StressTestAlert_0259,openshift-monitoring,critical,false,{"component": "monitoring"}
0,15,StressTestAlert_0260,openshift-monitoring,critical,false,{"component": "monitoring"}
0,15,StressTestAlert_0261,openshift-monitoring,critical,false,{"component": "monitoring"}
0,15,StressTestAlert_0262,openshift-monitoring,critical,false,{"component": "monitoring"}
0,15,StressTestAlert_0263,openshift-monitoring,critical,false,{"component": "monitoring"}
0,15,StressTestAlert_0264,openshift-monitoring,critical,false,{"component": "monitoring"}
0,15,StressTestAlert_0265,openshift-monitoring,critical,false,{"component": "monitoring"}
0,15,StressTestAlert_0266,openshift-monitoring,critical,false,{"component": "monitoring"}
0,15,StressTestAlert_0267,openshift-monitoring,critical,false,{"component": "monitoring"}
0,15,StressTestAlert_0268,openshift-monitoring,critical,false,{"component": "monitoring"}
0,15,StressTestAlert_0269,openshift-monitoring,critical,false,{"component": "monitoring"}
0,15,StressTestAlert_0270,openshift-monitoring,critical,false,{"component": "monitoring"}
0,15,StressTestAlert_0271,openshift-monitoring,critical,false,{"component": "monitoring"}
0,15,StressTestAlert_0272,openshift-monitoring,critical,false,{"component": "monitoring"}
0,15,StressTestAlert_0273,openshift-monitoring,critical,false,{"component": "monitoring"}
0,15,StressTestAlert_0274,openshift-monitoring,critical,false,{"component": "monitoring"}
0,15,StressTestAlert_0275,openshift-monitoring,critical,false,{"component": "monitoring"}
0,15,StressTestAlert_0276,openshift-monitoring,critical,false,{"component": "monitoring"}
0,15,StressTestAlert_0277,openshift-monitoring,critical,false,{"component": "monitoring"}
0,15,StressTestAlert_0278,openshift-monitoring,critical,false,{"component": "monitoring"}
0,15,StressTestAlert_0279,openshift-monitoring,critical,false,{"component": "monitoring"}
0,15,StressTestAlert_0280,openshift-monitoring,critical,false,{"component": "monitoring"}
0,15,StressTestAlert_0281,openshift-monitoring,critical,false,{"component": "monitoring"}
0,15,StressTestAlert_0282,openshift-monitoring,critical,false,{"component": "monitoring"}
0,15,StressTestAlert_0283,openshift-monitoring,critical,false,{"component": "monitoring"}
0,15,StressTestAlert_0284,openshift-monitoring,critical,false,{"component": "monitoring"}
0,15,StressTestAlert_0285,openshift-monitoring,critical,false,{"component": "monitoring"}
0,15,StressTestAlert_0286,openshift-monitoring,critical,false,{"component": "monitoring"}
0,15,StressTestAlert_0287,openshift-monitoring,critical,false,{"component": "monitoring"}
0,15,StressTestAlert_0288,openshift-monitoring,critical,false,{"component": "monitoring"}
0,15,StressTestAlert_0289,openshift-monitoring,critical,false,{"component": "monitoring"}
0,15,StressTestAlert_0290,openshift-monitoring,critical,false,{"component": "monitoring"}
0,15,StressTestAlert_0291,openshift-monitoring,critical,false,{"component": "monitoring"}
0,15,StressTestAlert_0292,openshift-monitoring,critical,false,{"component": "monitoring"}
0,15,StressTestAlert_0293,openshift-monitoring,critical,false,{"component": "monitoring"}
0,15,StressTestAlert_0294,openshift-monitoring,critical,false,{"component": "monitoring"}
0,15,StressTestAlert_0295,openshift-monitoring,critical,false,{"component": "monitoring"}
0,15,StressTestAlert_0296,openshift-monitoring,critical,false,{"component": "monitoring"}
0,15,StressTestAlert_0297,openshift-monitoring,critical,false,{"component": "monitoring"}
0,15,StressTestAlert_0298,openshift-monitoring,critical,false,{"component": "monitoring"}
0,15,StressTestAlert_0299,openshift-monitoring,critical,false,{"component": "monitoring"}
0,15,StressTestAlert_0300,openshift-monitoring,critical,false,{"component": "monitoring"}
0,15,StressTestAlert_0301,openshift-monitoring,critical,false,{"component": "monitoring"}
0,15,StressTestAlert_0302,openshift-monitoring,critical,false,{"component": "monitoring"}
0,15,StressTestAlert_0303,openshift-monitoring,critical,false,{"component": "monitoring"}
0,15,StressTestAlert_0304,openshift-monitoring,critical,false,{"component": "monitoring"}
0,15,StressTestAlert_0305,openshift-monitoring,critical,false,{"component": "monitoring"}
0,15,StressTestAlert_0306,openshift-monitoring,critical,false,{"component": "monitoring"}
0,15,StressTestAlert_0307,openshift-monitoring,critical,false,{"component": "monitoring"}
0,15,StressTestAlert_0308,openshift-monitoring,critical,false,{"component": "monitoring"}
0,15,StressTestAlert_0309,openshift-monitoring,critical,false,{"component": "monitoring"}
0,15,StressTestAlert_0310,openshift-monitoring,critical,false,{"component": "monitoring"}
0,15,StressTestAlert_0311,openshift-monitoring,critical,false,{"component": "monitoring"}
0,15,StressTestAlert_0312,openshift-monitoring,critical,false,{"component": "monitoring"}
0,15,StressTestAlert_0313,openshift-monitoring,critical,false,{"component": "monitoring"}
0,15,StressTestAlert_0314,openshift-monitoring,critical,false,{"component": "monitoring"}
0,15,StressTestAlert_0315,openshift-monitoring,critical,false,{"component": "monitoring"}
0,15,StressTestAlert_0316,openshift-monitoring,critical,false,{"component": "monitoring"}
0,15,StressTestAlert_0317,openshift-monitoring,critical,false,{"component": "monitoring"}
0,15,StressTestAlert_0318,openshift-monitoring,critical,false,{"component": "monitoring"}
0,15,StressTestAlert_0319,openshift-monitoring,critical,false,{"component": "monitoring"}
0,15,StressTestAlert_0320,openshift-monitoring,critical,false,{"component": "monitoring"}
0,15,StressTestAlert_0321,openshift-monitoring,critical,false,{"component": "monitoring"}
0,15,StressTestAlert_0322,openshift-monitoring,critical,false,{"component": "monitoring"}
0,15,StressTestAlert_0323,openshift-monitoring,critical,false,{"component": "monitoring"}
0,15,StressTestAlert_0324,openshift-monitoring,critical,false,{"component": "monitoring"}
0,15,StressTestAlert_0325,openshift-monitoring,critical,false,{"component": "monitoring"}
0,15,StressTestAlert_0326,openshift-monitoring,critical,false,{"component": "monitoring"}
0,15,StressTestAlert_0327,openshift-monitoring,critical,false,{"component": "monitoring"}
0,15,StressTestAlert_0328,openshift-monitoring,critical,false,{"component": "monitoring"}
0,15,StressTestAlert_0329,openshift-monitoring,critical,false,{"component": "monitoring"}
0,15,StressTestAlert_0330,openshift-monitoring,critical,false,{"component": "monitoring"}
0,15,StressTestAlert_0331,openshift-monitoring,critical,false,{"component": "monitoring"}
0,15,StressTestAlert_0332,openshift-monitoring,critical,false,{"component": "monitoring"}
0,15,StressTestAlert_0333,openshift-monitoring,critical,false,{"component": "monitoring"}
0,15,StressTestAlert_0334,openshift-monitoring,critical,false,{"component": "monitoring"}
0,15,StressTestAlert_0335,openshift-monitoring,critical,false,{"component": "monitoring"}
0,15,StressTestAlert_0336,openshift-monitoring,critical,false,{"component": "monitoring"}
0,15,StressTestAlert_0337,openshift-monitoring,critical,false,{"component": "monitoring"}
0,15,StressTestAlert_0338,openshift-monitoring,critical,false,{"component": "monitoring"}
0,15,StressTestAlert_0339,openshift-monitoring,critical,false,{"component": "monitoring"}
0,15,StressTestAlert_0340,openshift-monitoring,critical,false,{"component": "monitoring"}
0,15,StressTestAlert_0341,openshift-monitoring,critical,false,{"component": "monitoring"}
0,15,StressTestAlert_0342,openshift-monitoring,critical,false,{"component": "monitoring"}
0,15,StressTestAlert_0343,openshift-monitoring,critical,false,{"component": "monitoring"}
0,15,StressTestAlert_0344,openshift-monitoring,critical,false,{"component": "monitoring"}
0,15,StressTestAlert_0345,openshift-monitoring,critical,false,{"component": "monitoring"}
0,15,StressTestAlert_0346,openshift-monitoring,critical,false,{"component": "monitoring"}
0,15,StressTestAlert_0347,openshift-monitoring,critical,false,{"component": "monitoring"}
0,15,StressTestAlert_0348,openshift-monitoring,critical,false,{"component": "monitoring"}
0,15,StressTestAlert_0349,openshift-monitoring,critical,false,{"component": "monitoring"}
0,15,StressTestAlert_0350,openshift-monitoring,critical,false,{"component": "monitoring"}
0,15,StressTestAlert_0351,openshift-monitoring,critical,false,{"component": "monitoring"}
0,15,StressTestAlert_0352,openshift-monitoring,critical,false,{"component": "monitoring"}
0,15,StressTestAlert_0353,openshift-monitoring,critical,false,{"component": "monitoring"}
0,15,StressTestAlert_0354,openshift-monitoring,critical,false,{"component": "monitoring"}
0,15,StressTestAlert_0355,openshift-monitoring,critical,false,{"component": "monitoring"}
0,15,StressTestAlert_0356,openshift-monitoring,critical,false,{"component": "monitoring"}
0,15,StressTestAlert_0357,openshift-monitoring,critical,false,{"component": "monitoring"}
0,15,StressTestAlert_0358,openshift-monitoring,critical,false,{"component": "monitoring"}
0,15,StressTestAlert_0359,openshift-monitoring,critical,false,{"component": "monitoring"}
0,15,StressTestAlert_0360,openshift-monitoring,critical,false,{"component": "monitoring"}
0,15,StressTestAlert_0361,openshift-monitoring,critical,false,{"component": "monitoring"}
0,15,StressTestAlert_0362,openshift-monitoring,critical,false,{"component": "monitoring"}
0,15,StressTestAlert_0363,openshift-monitoring,critical,false,{"component": "monitoring"}
0,15,StressTestAlert_0364,openshift-monitoring,critical,false,{"component": "monitoring"}
0,15,StressTestAlert_0365,openshift-monitoring,critical,false,{"component": "monitoring"}
0,15,StressTestAlert_0366,openshift-monitoring,critical,false,{"component": "monitoring"}
0,15,StressTestAlert_0367,openshift-monitoring,critical,false,{"component": "monitoring"}
0,15,StressTestAlert_0368,openshift-monitoring,critical,false,{"component": "monitoring"}
0,15,StressTestAlert_0369,openshift-monitoring,critical,false,{"component": "monitoring"}
0,15,StressTestAlert_0370,openshift-monitoring,critical,false,{"component": "monitoring"}
0,15,StressTestAlert_0371,openshift-monitoring,critical,false,{"component": "monitoring"}
0,15,StressTestAlert_0372,openshift-monitoring,critical,false,{"component": "monitoring"}
0,15,StressTestAlert_0373,openshift-monitoring,critical,false,{"component": "monitoring"}
0,15,StressTestAlert_0374,openshift-monitoring,critical,false,{"component": "monitoring"}
0,15,StressTestAlert_0375,openshift-monitoring,critical,false,{"component": "monitoring"}
0,15,StressTestAlert_0376,openshift-monitoring,critical,false,{"component": "monitoring"}
0,15,StressTestAlert_0377,openshift-monitoring,critical,false,{"component": "monitoring"}
0,15,StressTestAlert_0378,openshift-monitoring,critical,false,{"component": "monitoring"}
0,15,StressTestAlert_0379,openshift-monitoring,critical,false,{"component": "monitoring"}
0,15,StressTestAlert_0380,openshift-monitoring,critical,false,{"component": "monitoring"}
0,15,StressTestAlert_0381,openshift-monitoring,critical,false,{"component": "monitoring"}
0,15,StressTestAlert_0382,openshift-monitoring,critical,false,{"component": "monitoring"}
0,15,StressTestAlert_0383,openshift-monitoring,critical,false,{"component": "monitoring"}
0,15,StressTestAlert_0384,openshift-monitoring,critical,false,{"component": "monitoring"}
0,15,StressTestAlert_0385,openshift-monitoring,critical,false,{"component": "monitoring"}
0,15,StressTestAlert_0386,openshift-monitoring,critical,false,{"component": "monitoring"}
0,15,StressTestAlert_0387,openshift-monitoring,critical,false,{"component": "monitoring"}
0,15,StressTestAlert_0388,openshift-monitoring,critical,false,{"component": "monitoring"}
0,15,StressTestAlert_0389,openshift-monitoring,critical,false,{"component": "monitoring"}
0,15,StressTestAlert_0390,openshift-monitoring,critical,false,{"component": "monitoring"}
0,15,StressTestAlert_0391,openshift-monitoring,critical,false,{"component": "monitoring"}
0,15,StressTestAlert_0392,openshift-monitoring,critical,false,{"component": "monitoring"}
0,15,StressTestAlert_0393,openshift-monitoring,critical,false,{"component": "monitoring"}
0,15,StressTestAlert_0394,openshift-monitoring,critical,false,{"component": "monitoring"}
0,15,StressTestAlert_0395,openshift-monitoring,critical,false,{"component": "monitoring"}
0,15,StressTestAlert_0396,openshift-monitoring,critical,false,{"component": "monitoring"}
0,15,StressTestAlert_0397,openshift-monitoring,critical,false,{"component": "monitoring"}
0,15,StressTestAlert_0398,openshift-monitoring,critical,false,{"component": "monitoring"}
0,15,StressTestAlert_0399,openshift-monitoring,critical,false,{"component": "monitoring"}
0,15,StressTestAlert_0400,openshift-monitoring,critical,false,{"component": "monitoring"}
0,15,StressTestAlert_0401,openshift-monitoring,critical,false,{"component": "monitoring"}
0,15,StressTestAlert_0402,openshift-monitoring,critical,false,{"component": "monitoring"}
0,15,StressTestAlert_0403,openshift-monitoring,critical,false,{"component": "monitoring"}
0,15,StressTestAlert_0404,openshift-monitoring,critical,false,{"component": "monitoring"}
0,15,StressTestAlert_0405,openshift-monitoring,critical,false,{"component": "monitoring"}
0,15,StressTestAlert_0406,openshift-monitoring,critical,false,{"component": "monitoring"}
0,15,StressTestAlert_0407,openshift-monitoring,critical,false,{"component": "monitoring"}
0,15,StressTestAlert_0408,openshift-monitoring,critical,false,{"component": "monitoring"}
0,15,StressTestAlert_0409,openshift-monitoring,critical,false,{"component": "monitoring"}
0,15,StressTestAlert_0410,openshift-monitoring,critical,false,{"component": "monitoring"}
0,15,StressTestAlert_0411,openshift-monitoring,critical,false,{"component": "monitoring"}
0,15,StressTestAlert_0412,openshift-monitoring,critical,false,{"component": "monitoring"}
0,15,StressTestAlert_0413,openshift-monitoring,critical,false,{"component": "monitoring"}
0,15,StressTestAlert_0414,openshift-monitoring,critical,false,{"component": "monitoring"}
0,15,StressTestAlert_0415,openshift-monitoring,critical,false,{"component": "monitoring"}
0,15,StressTestAlert_0416,openshift-monitoring,critical,false,{"component": "monitoring"}
0,15,StressTestAlert_0417,openshift-monitoring,critical,false,{"component": "monitoring"}
0,15,StressTestAlert_0418,openshift-monitoring,critical,false,{"component": "monitoring"}
0,15,StressTestAlert_0419,openshift-monitoring,critical,false,{"component": "monitoring"}
0,15,StressTestAlert_0420,openshift-monitoring,critical,false,{"component": "monitoring"}
0,15,StressTestAlert_0421,openshift-monitoring,critical,false,{"component": "monitoring"}
0,15,StressTestAlert_0422,openshift-monitoring,critical,false,{"component": "monitoring"}
0,15,StressTestAlert_0423,openshift-monitoring,critical,false,{"component": "monitoring"}
0,15,StressTestAlert_0424,openshift-monitoring,critical,false,{"component": "monitoring"}
0,15,StressTestAlert_0425,openshift-monitoring,critical,false,{"component": "monitoring"}
0,15,StressTestAlert_0426,openshift-monitoring,critical,false,{"component": "monitoring"}
0,15,StressTestAlert_0427,openshift-monitoring,critical,false,{"component": "monitoring"}
0,15,StressTestAlert_0428,openshift-monitoring,critical,false,{"component": "monitoring"}
0,15,StressTestAlert_0429,openshift-monitoring,critical,false,{"component": "monitoring"}
0,15,StressTestAlert_0430,openshift-monitoring,critical,false,{"component": "monitoring"}
0,15,StressTestAlert_0431,openshift-monitoring,critical,false,{"component": "monitoring"}
0,15,StressTestAlert_0432,openshift-monitoring,critical,false,{"component": "monitoring"}
0,15,StressTestAlert_0433,openshift-monitoring,critical,false,{"component": "monitoring"}
0,15,StressTestAlert_0434,openshift-monitoring,critical,false,{"component": "monitoring"}
0,15,StressTestAlert_0435,openshift-monitoring,critical,false,{"component": "monitoring"}
0,15,StressTestAlert_0436,openshift-monitoring,critical,false,{"component": "monitoring"}
0,15,StressTestAlert_0437,openshift-monitoring,critical,false,{"component": "monitoring"}
0,15,StressTestAlert_0438,openshift-monitoring,critical,false,{"component": "monitoring"}
0,15,StressTestAlert_0439,openshift-monitoring,critical,false,{"component": "monitoring"}
0,15,StressTestAlert_0440,openshift-monitoring,critical,false,{"component": "monitoring"}
0,15,StressTestAlert_0441,openshift-monitoring,critical,false,{"component": "monitoring"}
0,15,StressTestAlert_0442,openshift-monitoring,critical,false,{"component": "monitoring"}
0,15,StressTestAlert_0443,openshift-monitoring,critical,false,{"component": "monitoring"}
0,15,StressTestAlert_0444,openshift-monitoring,critical,false,{"component": "monitoring"}
0,15,StressTestAlert_0445,openshift-monitoring,critical,false,{"component": "monitoring"}
0,15,StressTestAlert_0446,openshift-monitoring,critical,false,{"component": "monitoring"}
0,15,StressTestAlert_0447,openshift-monitoring,critical,false,{"component": "monitoring"}
0,15,StressTestAlert_0448,openshift-monitoring,critical,false,{"component": "monitoring"}
0,15,StressTestAlert_0449,openshift-monitoring,critical,false,{"component": "monitoring"}
0,15,StressTestAlert_0450,openshift-monitoring,critical,false,{"component": "monitoring"}
0,15,StressTestAlert_0451,openshift-monitoring,critical,false,{"component": "monitoring"}
0,15,StressTestAlert_0452,openshift-monitoring,critical,false,{"component": "monitoring"}
0,15,StressTestAlert_0453,openshift-monitoring,critical,false,{"component": "monitoring"}
0,15,StressTestAlert_0454,openshift-monitoring,critical,false,{"component": "monitoring"}
0,15,StressTestAlert_0455,openshift-monitoring,critical,false,{"component": "monitoring"}
0,15,StressTestAlert_0456,openshift-monitoring,critical,false,{"component": "monitoring"}
0,15,StressTestAlert_0457,openshift-monitoring,critical,false,{"component": "monitoring"}
0,15,StressTestAlert_0458,openshift-monitoring,critical,false,{"component": "monitoring"}
0,15,StressTestAlert_0459,openshift-monitoring,critical,false,{"component": "monitoring"}
0,15,StressTestAlert_0460,openshift-monitoring,critical,false,{"component": "monitoring"}
0,15,StressTestAlert_0461,openshift-monitoring,critical,false,{"component": "monitoring"}
0,15,StressTestAlert_0462,openshift-monitoring,critical,false,{"component": "monitoring"}
0,15,StressTestAlert_0463,openshift-monitoring,critical,false,{"component": "monitoring"}
0,15,StressTestAlert_0464,openshift-monitoring,critical,false,{"component": "monitoring"}
0,15,StressTestAlert_0465,openshift-monitoring,critical,false,{"component": "monitoring"}
0,15,StressTestAlert_0466,openshift-monitoring,critical,false,{"component": "monitoring"}
0,15,StressTestAlert_0467,openshift-monitoring,critical,false,{"component": "monitoring"}
0,15,StressTestAlert_0468,openshift-monitoring,critical,false,{"component": "monitoring"}
0,15,StressTestAlert_0469,openshift-monitoring,critical,false,{"component": "monitoring"}
0,15,StressTestAlert_0470,openshift-monitoring,critical,false,{"component": "monitoring"}
0,15,StressTestAlert_0471,openshift-monitoring,critical,false,{"component": "monitoring"}
0,15,StressTestAlert_0472,openshift-monitoring,critical,false,{"component": "monitoring"}
0,15,StressTestAlert_0473,openshift-monitoring,critical,false,{"component": "monitoring"}
0,15,StressTestAlert_0474,openshift-monitoring,critical,false,{"component": "monitoring"}
0,15,StressTestAlert_0475,openshift-monitoring,critical,false,{"component": "monitoring"}
0,15,StressTestAlert_0476,openshift-monitoring,critical,false,{"component": "monitoring"}
0,15,StressTestAlert_0477,openshift-monitoring,critical,false,{"component": "monitoring"}
0,15,StressTestAlert_0478,openshift-monitoring,critical,false,{"component": "monitoring"}
0,15,StressTestAlert_0479,openshift-monitoring,critical,false,{"component": "monitoring"}
0,15,StressTestAlert_0480,openshift-monitoring,critical,false,{"component": "monitoring"}
0,15,StressTestAlert_0481,openshift-monitoring,critical,false,{"component": "monitoring"}
0,15,StressTestAlert_0482,openshift-monitoring,critical,false,{"component": "monitoring"}
0,15,StressTestAlert_0483,openshift-monitoring,critical,false,{"component": "monitoring"}
0,15,StressTestAlert_0484,openshift-monitoring,critical,false,{"component": "monitoring"}
0,15,StressTestAlert_0485,openshift-monitoring,critical,false,{"component": "monitoring"}
0,15,StressTestAlert_0486,openshift-monitoring,critical,false,{"component": "monitoring"}
0,15,StressTestAlert_0487,openshift-monitoring,critical,false,{"component": "monitoring"}
0,15,StressTestAlert_0488,openshift-monitoring,critical,false,{"component": "monitoring"}
0,15,StressTestAlert_0489,openshift-monitoring,critical,false,{"component": "monitoring"}
0,15,StressTestAlert_0490,openshift-monitoring,critical,false,{"component": "monitoring"}
0,15,StressTestAlert_0491,openshift-monitoring,critical,false,{"component": "monitoring"}
0,15,StressTestAlert_0492,openshift-monitoring,critical,false,{"component": "monitoring"}
0,15,StressTestAlert_0493,openshift-monitoring,critical,false,{"component": "monitoring"}
0,15,StressTestAlert_0494,openshift-monitoring,critical,false,{"component": "monitoring"}
0,15,StressTestAlert_0495,openshift-monitoring,critical,false,{"component": "monitoring"}
0,15,StressTestAlert_0496,openshift-monitoring,critical,false,{"component": "monitoring"}
0,15,StressTestAlert_0497,openshift-monitoring,critical,false,{"component": "monitoring"}
0,15,StressTestAlert_0498,openshift-monitoring,critical,false,{"component": "monitoring"}
0,15,StressTestAlert_0499,openshift-monitoring,critical,false,{"component": "monitoring"}
0,15,StressTestAlert_0500,openshift-monitoring,critical,false,{"component": "monitoring"}
0,15,StressTestAlert_0501,openshift-monitoring,critical,false,{"component": "monitoring"}
0,15,StressTestAlert_0502,openshift-monitoring,critical,false,{"component": "monitoring"}
0,15,StressTestAlert_0503,openshift-monitoring,critical,false,{"component": "monitoring"}
0,15,StressTestAlert_0504,openshift-monitoring,critical,false,{"component": "monitoring"}
0,15,StressTestAlert_0505,openshift-monitoring,critical,false,{"component": "monitoring"}
0,15,StressTestAlert_0506,openshift-monitoring,critical,false,{"component": "monitoring"}
0,15,StressTestAlert_0507,openshift-monitoring,critical,false,{"component": "monitoring"}
0,15,StressTestAlert_0508,openshift-monitoring,critical,false,{"component": "monitoring"}
0,15,StressTestAlert_0509,openshift-monitoring,critical,false,{"component": "monitoring"}
0,15,StressTestAlert_0510,openshift-monitoring,critical,false,{"component": "monitoring"}
0,15,StressTestAlert_0511,openshift-monitoring,critical,false,{"component": "monitoring"}
0,15,StressTestAlert_0512,openshift-monitoring,critical,false,{"component": "monitoring"}
0,15,StressTestAlert_0513,openshift-monitoring,critical,false,{"component": "monitoring"}
0,15,StressTestAlert_0514,openshift-monitoring,critical,false,{"component": "monitoring"}
0,15,StressTestAlert_0515,openshift-monitoring,critical,false,{"component": "monitoring"}
0,15,StressTestAlert_0516,openshift-monitoring,critical,false,{"component": "monitoring"}
0,15,StressTestAlert_0517,openshift-monitoring,critical,false,{"component": "monitoring"}
0,15,StressTestAlert_0518,openshift-monitoring,critical,false,{"component": "monitoring"}
0,15,StressTestAlert_0519,openshift-monitoring,critical,false,{"component": "monitoring"}
0,15,StressTestAlert_0520,openshift-monitoring,critical,false,{"component": "monitoring"}
0,15,StressTestAlert_0521,openshift-monitoring,critical,false,{"component": "monitoring"}
0,15,StressTestAlert_0522,openshift-monitoring,critical,false,{"component": "monitoring"}
0,15,StressTestAlert_0523,openshift-monitoring,critical,false,{"component": "monitoring"}
0,15,StressTestAlert_0524,openshift-monitoring,critical,false,{"component": "monitoring"}
0,15,StressTestAlert_0525,openshift-monitoring,critical,false,{"component": "monitoring"}
0,15,StressTestAlert_0526,openshift-monitoring,critical,false,{"component": "monitoring"}
0,15,StressTestAlert_0527,openshift-monitoring,critical,false,{"component": "monitoring"}
0,15,StressTestAlert_0528,openshift-monitoring,critical,false,{"component": "monitoring"}
0,15,StressTestAlert_0529,openshift-monitoring,critical,false,{"component": "monitoring"}
0,15,StressTestAlert_0530,openshift-monitoring,critical,false,{"component": "monitoring"}
0,15,StressTestAlert_0531,openshift-monitoring,critical,false,{"component": "monitoring"}
0,15,StressTestAlert_0532,openshift-monitoring,critical,false,{"component": "monitoring"}
0,15,StressTestAlert_0533,openshift-monitoring,critical,false,{"component": "monitoring"}
0,15,StressTestAlert_0534,openshift-monitoring,critical,false,{"component": "monitoring"}
0,15,StressTestAlert_0535,openshift-monitoring,critical,false,{"component": "monitoring"}
0,15,StressTestAlert_0536,openshift-monitoring,critical,false,{"component": "monitoring"}
0,15,StressTestAlert_0537,openshift-monitoring,critical,false,{"component": "monitoring"}
0,15,StressTestAlert_0538,openshift-monitoring,critical,false,{"component": "monitoring"}
0,15,StressTestAlert_0539,openshift-monitoring,critical,false,{"component": "monitoring"}
0,15,StressTestAlert_0540,openshift-monitoring,critical,false,{"component": "monitoring"}
0,15,StressTestAlert_0541,openshift-monitoring,critical,false,{"component": "monitoring"}
0,15,StressTestAlert_0542,openshift-monitoring,critical,false,{"component": "monitoring"}
0,15,StressTestAlert_0543,openshift-monitoring,critical,false,{"component": "monitoring"}
0,15,StressTestAlert_0544,openshift-monitoring,critical,false,{"component": "monitoring"}
0,15,StressTestAlert_0545,openshift-monitoring,critical,false,{"component": "monitoring"}
0,15,StressTestAlert_0546,openshift-monitoring,critical,false,{"component": "monitoring"}
0,15,StressTestAlert_0547,openshift-monitoring,critical,false,{"component": "monitoring"}
0,15,StressTestAlert_0548,openshift-monitoring,critical,false,{"component": "monitoring"}
0,15,StressTestAlert_0549,openshift-monitoring,critical,false,{"component": "monitoring"}
0,15,StressTestAlert_0550,openshift-monitoring,critical,false,{"component": "monitoring"}
0,15,StressTestAlert_0551,openshift-monitoring,critical,false,{"component": "monitoring"}
0,15,StressTestAlert_0552,openshift-monitoring,critical,false,{"component": "monitoring"}
0,15,StressTestAlert_0553,openshift-monitoring,critical,false,{"component": "monitoring"}
0,15,StressTestAlert_0554,openshift-monitoring,critical,false,{"component": "monitoring"}
0,15,StressTestAlert_0555,openshift-monitoring,critical,false,{"component": "monitoring"}
0,15,StressTestAlert_0556,openshift-monitoring,critical,false,{"component": "monitoring"}
0,15,StressTestAlert_0557,openshift-monitoring,critical,false,{"component": "monitoring"}
0,15,StressTestAlert_0558,openshift-monitoring,critical,false,{"component": "monitoring"}
0,15,StressTestAlert_0559,openshift-monitoring,critical,false,{"component": "monitoring"}
0,15,StressTestAlert_0560,openshift-monitoring,critical,false,{"component": "monitoring"}
0,15,StressTestAlert_0561,openshift-monitoring,critical,false,{"component": "monitoring"}
0,15,StressTestAlert_0562,openshift-monitoring,critical,false,{"component": "monitoring"}
0,15,StressTestAlert_0563,openshift-monitoring,critical,false,{"component": "monitoring"}
0,15,StressTestAlert_0564,openshift-monitoring,critical,false,{"component": "monitoring"}
0,15,StressTestAlert_0565,openshift-monitoring,critical,false,{"component": "monitoring"}
0,15,StressTestAlert_0566,openshift-monitoring,critical,false,{"component": "monitoring"}
0,15,StressTestAlert_0567,openshift-monitoring,critical,false,{"component": "monitoring"}
0,15,StressTestAlert_0568,openshift-monitoring,critical,false,{"component": "monitoring"}
0,15,StressTestAlert_0569,openshift-monitoring,critical,false,{"component": "monitoring"}
0,15,StressTestAlert_0570,openshift-monitoring,critical,false,{"component": "monitoring"}
0,15,StressTestAlert_0571,openshift-monitoring,critical,false,{"component": "monitoring"}
0,15,StressTestAlert_0572,openshift-monitoring,critical,false,{"component": "monitoring"}
0,15,StressTestAlert_0573,openshift-monitoring,critical,false,{"component": "monitoring"}
0,15,StressTestAlert_0574,openshift-monitoring,critical,false,{"component": "monitoring"}
0,15,StressTestAlert_0575,openshift-monitoring,critical,false,{"component": "monitoring"}
0,15,StressTestAlert_0576,openshift-monitoring,critical,false,{"component": "monitoring"}
0,15,StressTestAlert_0577,openshift-monitoring,critical,false,{"component": "monitoring"}
0,15,StressTestAlert_0578,openshift-monitoring,critical,false,{"component": "monitoring"}
0,15,StressTestAlert_0579,openshift-monitoring,critical,false,{"component": "monitoring"}
0,15,StressTestAlert_0580,openshift-monitoring,critical,false,{"component": "monitoring"}
0,15,StressTestAlert_0581,openshift-monitoring,critical,false,{"component": "monitoring"}
0,15,StressTestAlert_0582,openshift-monitoring,critical,false,{"component": "monitoring"}
0,15,StressTestAlert_0583,openshift-monitoring,critical,false,{"component": "monitoring"}
0,15,StressTestAlert_0584,openshift-monitoring,critical,false,{"component": "monitoring"}
0,15,StressTestAlert_0585,openshift-monitoring,critical,false,{"component": "monitoring"}
0,15,StressTestAlert_0586,openshift-monitoring,critical,false,{"component": "monitoring"}
0,15,StressTestAlert_0587,openshift-monitoring,critical,false,{"component": "monitoring"}
0,15,StressTestAlert_0588,openshift-monitoring,critical,false,{"component": "monitoring"}
0,15,StressTestAlert_0589,openshift-monitoring,critical,false,{"component": "monitoring"}
0,15,StressTestAlert_0590,openshift-monitoring,critical,false,{"component": "monitoring"}
0,15,StressTestAlert_0591,openshift-monitoring,critical,false,{"component": "monitoring"}
0,15,StressTestAlert_0592,openshift-monitoring,critical,false,{"component": "monitoring"}
0,15,StressTestAlert_0593,openshift-monitoring,critical,false,{"component": "monitoring"}
0,15,StressTestAlert_0594,openshift-monitoring,critical,false,{"component": "monitoring"}
0,15,StressTestAlert_0595,openshift-monitoring,critical,false,{"component": "monitoring"}
0,15,StressTestAlert_0596,openshift-monitoring,critical,false,{"component": "monitoring"}
0,15,StressTestAlert_0597,openshift-monitoring,critical,false,{"component": "monitoring"}
0,15,StressTestAlert_0598,openshift-monitoring,critical,false,{"component": "monitoring"}
0,15,StressTestAlert_0599,openshift-monitoring,critical,false,{"component": "monitoring"}
0,15,StressTestAlert_0600,openshift-monitoring,critical,false,{"component": "monitoring"}
0,15,StressTestAlert_0601,openshift-monitoring,critical,false,{"component": "monitoring"}
0,15,StressTestAlert_0602,openshift-monitoring,critical,false,{"component": "monitoring"}
0,15,StressTestAlert_0603,openshift-monitoring,critical,false,{"component": "monitoring"}
0,15,StressTestAlert_0604,openshift-monitoring,critical,false,{"component": "monitoring"}
0,15,StressTestAlert_0605,openshift-monitoring,critical,false,{"component": "monitoring"}
0,15,StressTestAlert_0606,openshift-monitoring,critical,false,{"component": "monitoring"}
0,15,StressTestAlert_0607,openshift-monitoring,critical,false,{"component": "monitoring"}
0,15,StressTestAlert_0608,openshift-monitoring,critical,false,{"component": "monitoring"}
0,15,StressTestAlert_0609,openshift-monitoring,critical,false,{"component": "monitoring"}
0,15,StressTestAlert_0610,openshift-monitoring,critical,false,{"component": "monitoring"}
0,15,StressTestAlert_0611,openshift-monitoring,critical,false,{"component": "monitoring"}
0,15,StressTestAlert_0612,openshift-monitoring,critical,false,{"component": "monitoring"}
0,15,StressTestAlert_0613,openshift-monitoring,critical,false,{"component": "monitoring"}
0,15,StressTestAlert_0614,openshift-monitoring,critical,false,{"component": "monitoring"}
0,15,StressTestAlert_0615,openshift-monitoring,critical,false,{"component": "monitoring"}
0,15,StressTestAlert_0616,openshift-monitoring,critical,false,{"component": "monitoring"}
0,15,StressTestAlert_0617,openshift-monitoring,critical,false,{"component": "monitoring"}
0,15,StressTestAlert_0618,openshift-monitoring,critical,false,{"component": "monitoring"}
0,15,StressTestAlert_0619,openshift-monitoring,critical,false,{"component": "monitoring"}
0,15,StressTestAlert_0620,openshift-monitoring,critical,false,{"component": "monitoring"}
0,15,StressTestAlert_0621,openshift-monitoring,critical,false,{"component": "monitoring"}
0,15,StressTestAlert_0622,openshift-monitoring,critical,false,{"component": "monitoring"}
0,15,StressTestAlert_0623,openshift-monitoring,critical,false,{"component": "monitoring"}
0,15,StressTestAlert_0624,openshift-monitoring,critical,false,{"component": "monitoring"}
0,15,StressTestAlert_0625,openshift-monitoring,critical,false,{"component": "monitoring"}
0,15,StressTestAlert_0626,openshift-monitoring,critical,false,{"component": "monitoring"}
0,15,StressTestAlert_0627,openshift-monitoring,critical,false,{"component": "monitoring"}
0,15,StressTestAlert_0628,openshift-monitoring,critical,false,{"component": "monitoring"}
0,15,StressTestAlert_0629,openshift-monitoring,critical,false,{"component": "monitoring"}
0,15,StressTestAlert_0630,openshift-monitoring,critical,false,{"component": "monitoring"}
0,15,StressTestAlert_0631,openshift-monitoring,critical,false,{"component": "monitoring"}
0,15,StressTestAlert_0632,openshift-monitoring,critical,false,{"component": "monitoring"}
0,15,StressTestAlert_0633,openshift-monitoring,critical,false,{"component": "monitoring"}
0,15,StressTestAlert_0634,openshift-monitoring,critical,false,{"component": "monitoring"}
0,15,StressTestAlert_0635,openshift-monitoring,critical,false,{"component": "monitoring"}
0,15,StressTestAlert_0636,openshift-monitoring,critical,false,{"component": "monitoring"}
0,15,StressTestAlert_0637,openshift-monitoring,critical,false,{"component": "monitoring"}
0,15,StressTestAlert_0638,openshift-monitoring,critical,false,{"component": "monitoring"}
0,15,StressTestAlert_0639,openshift-monitoring,critical,false,{"component": "monitoring"}
0,15,StressTestAlert_0640,openshift-monitoring,critical,false,{"component": "monitoring"}
0,15,StressTestAlert_0641,openshift-monitoring,critical,false,{"component": "monitoring"}
0,15,StressTestAlert_0642,openshift-monitoring,critical,false,{"component": "monitoring"}
0,15,StressTestAlert_0643,openshift-monitoring,critical,false,{"component": "monitoring"}
0,15,StressTestAlert_0644,openshift-monitoring,critical,false,{"component": "monitoring"}
0,15,StressTestAlert_0645,openshift-monitoring,critical,false,{"component": "monitoring"}
0,15,StressTestAlert_0646,openshift-monitoring,critical,false,{"component": "monitoring"}
0,15,StressTestAlert_0647,openshift-monitoring,critical,false,{"component": "monitoring"}
0,15,StressTestAlert_0648,openshift-monitoring,critical,false,{"component": "monitoring"}
0,15,StressTestAlert_0649,openshift-monitoring,critical,false,{"component": "monitoring"}
0,15,StressTestAlert_0650,openshift-monitoring,critical,false,{"component": "monitoring"}
0,15,StressTestAlert_0651,openshift-monitoring,critical,false,{"component": "monitoring"}
0,15,StressTestAlert_0652,openshift-monitoring,critical,false,{"component": "monitoring"}
0,15,StressTestAlert_0653,openshift-monitoring,critical,false,{"component": "monitoring"}
0,15,StressTestAlert_0654,openshift-monitoring,critical,false,{"component": "monitoring"}
0,15,StressTestAlert_0655,openshift-monitoring,critical,false,{"component": "monitoring"}
0,15,StressTestAlert_0656,openshift-monitoring,critical,false,{"component": "monitoring"}
0,15,StressTestAlert_0657,openshift-monitoring,critical,false,{"component": "monitoring"}
0,15,StressTestAlert_0658,openshift-monitoring,critical,false,{"component": "monitoring"}
0,15,StressTestAlert_0659,openshift-monitoring,critical,false,{"component": "monitoring"}
0,15,StressTestAlert_0660,openshift-monitoring,critical,false,{"component": "monitoring"}
0,15,StressTestAlert_0661,openshift-monitoring,critical,false,{"component": "monitoring"}
0,15,StressTestAlert_0662,openshift-monitoring,critical,false,{"component": "monitoring"}
0,15,StressTestAlert_0663,openshift-monitoring,critical,false,{"component": "monitoring"}
0,15,StressTestAlert_0664,openshift-monitoring,critical,false,{"component": "monitoring"}
0,15,StressTestAlert_0665,openshift-monitoring,critical,false,{"component": "monitoring"}
0,15,StressTestAlert_0666,openshift-monitoring,critical,false,{"component": "monitoring"}
0,15,StressTestAlert_0667,openshift-monitoring,critical,false,{"component": "monitoring"}
0,15,StressTestAlert_0668,openshift-monitoring,critical,false,{"component": "monitoring"}
0,15,StressTestAlert_0669,openshift-monitoring,critical,false,{"component": "monitoring"}
0,15,StressTestAlert_0670,openshift-monitoring,critical,false,{"component": "monitoring"}
0,15,StressTestAlert_0671,openshift-monitoring,critical,false,{"component": "monitoring"}
0,15,StressTestAlert_0672,openshift-monitoring,critical,false,{"component": "monitoring"}
0,15,StressTestAlert_0673,openshift-monitoring,critical,false,{"component": "monitoring"}
0,15,StressTestAlert_0674,openshift-monitoring,critical,false,{"component": "monitoring"}
0,15,StressTestAlert_0675,openshift-monitoring,critical,false,{"component": "monitoring"}
0,15,StressTestAlert_0676,openshift-monitoring,critical,false,{"component": "monitoring"}
0,15,StressTestAlert_0677,openshift-monitoring,critical,false,{"component": "monitoring"}
0,15,StressTestAlert_0678,openshift-monitoring,critical,false,{"component": "monitoring"}
0,15,StressTestAlert_0679,openshift-monitoring,critical,false,{"component": "monitoring"}
0,15,StressTestAlert_0680,openshift-monitoring,critical,false,{"component": "monitoring"}
0,15,StressTestAlert_0681,openshift-monitoring,critical,false,{"component": "monitoring"}
0,15,StressTestAlert_0682,openshift-monitoring,critical,false,{"component": "monitoring"}
0,15,StressTestAlert_0683,openshift-monitoring,critical,false,{"component": "monitoring"}
0,15,StressTestAlert_0684,openshift-monitoring,critical,false,{"component": "monitoring"}
0,15,StressTestAlert_0685,openshift-monitoring,critical,false,{"component": "monitoring"}
0,15,StressTestAlert_0686,openshift-monitoring,critical,false,{"component": "monitoring"}
0,15,StressTestAlert_0687,openshift-monitoring,critical,false,{"component": "monitoring"}
0,15,StressTestAlert_0688,openshift-monitoring,critical,false,{"component": "monitoring"}
0,15,StressTestAlert_0689,openshift-monitoring,critical,false,{"component": "monitoring"}
0,15,StressTestAlert_0690,openshift-monitoring,critical,false,{"component": "monitoring"}
0,15,StressTestAlert_0691,openshift-monitoring,critical,false,{"component": "monitoring"}
0,15,StressTestAlert_0692,openshift-monitoring,critical,false,{"component": "monitoring"}
0,15,StressTestAlert_0693,openshift-monitoring,critical,false,{"component": "monitoring"}
0,15,StressTestAlert_0694,openshift-monitoring,critical,false,{"component": "monitoring"}
0,15,StressTestAlert_0695,openshift-monitoring,critical,false,{"component": "monitoring"}
0,15,StressTestAlert_0696,openshift-monitoring,critical,false,{"component": "monitoring"}
0,15,StressTestAlert_0697,openshift-monitoring,critical,false,{"component": "monitoring"}
0,15,StressTestAlert_0698,openshift-monitoring,critical,false,{"component": "monitoring"}
0,15,StressTestAlert_0699,openshift-monitoring,critical,false,{"component": "monitoring"}
0,15,StressTestAlert_0700,openshift-monitoring,critical,false,{"component": "monitoring"}
0,15,StressTestAlert_0701,openshift-monitoring,critical,false,{"component": "monitoring"}
0,15,StressTestAlert_0702,openshift-monitoring,critical,false,{"component": "monitoring"}
0,15,StressTestAlert_0703,openshift-monitoring,critical,false,{"component": "monitoring"}
0,15,StressTestAlert_0704,openshift-monitoring,critical,false,{"component": "monitoring"}
0,15,StressTestAlert_0705,openshift-monitoring,critical,false,{"component": "monitoring"}
0,15,StressTestAlert_0706,openshift-monitoring,critical,false,{"component": "monitoring"}
0,15,StressTestAlert_0707,openshift-monitoring,critical,false,{"component": "monitoring"}
0,15,StressTestAlert_0708,openshift-monitoring,critical,false,{"component": "monitoring"}
0,15,StressTestAlert_0709,openshift-monitoring,critical,false,{"component": "monitoring"}
0,15,StressTestAlert_0710,openshift-monitoring,critical,false,{"component": "monitoring"}
0,15,StressTestAlert_0711,openshift-monitoring,critical,false,{"component": "monitoring"}
0,15,StressTestAlert_0712,openshift-monitoring,critical,false,{"component": "monitoring"}
0,15,StressTestAlert_0713,openshift-monitoring,critical,false,{"component": "monitoring"}
0,15,StressTestAlert_0714,openshift-monitoring,critical,false,{"component": "monitoring"}
0,15,StressTestAlert_0715,openshift-monitoring,critical,false,{"component": "monitoring"}
0,15,StressTestAlert_0716,openshift-monitoring,critical,false,{"component": "monitoring"}
0,15,StressTestAlert_0717,openshift-monitoring,critical,false,{"component": "monitoring"}
0,15,StressTestAlert_0718,openshift-monitoring,critical,false,{"component": "monitoring"}
0,15,StressTestAlert_0719,openshift-monitoring,critical,false,{"component": "monitoring"}
0,15,StressTestAlert_0720,openshift-monitoring,critical,false,{"component": "monitoring"}
0,15,StressTestAlert_0721,openshift-monitoring,critical,false,{"component": "monitoring"}
0,15,StressTestAlert_0722,openshift-monitoring,critical,false,{"component": "monitoring"}
0,15,StressTestAlert_0723,openshift-monitoring,critical,false,{"component": "monitoring"}
0,15,StressTestAlert_0724,openshift-monitoring,critical,false,{"component": "monitoring"}
0,15,StressTestAlert_0725,openshift-monitoring,critical,false,{"component": "monitoring"}
0,15,StressTestAlert_0726,openshift-monitoring,critical,false,{"component": "monitoring"}
0,15,StressTestAlert_0727,openshift-monitoring,critical,false,{"component": "monitoring"}
0,15,StressTestAlert_0728,openshift-monitoring,critical,false,{"component": "monitoring"}
0,15,StressTestAlert_0729,openshift-monitoring,critical,false,{"component": "monitoring"}
0,15,StressTestAlert_0730,openshift-monitoring,critical,false,{"component": "monitoring"}
0,15,StressTestAlert_0731,openshift-monitoring,critical,false,{"component": "monitoring"}
0,15,StressTestAlert_0732,openshift-monitoring,critical,false,{"component": "monitoring"}
0,15,StressTestAlert_0733,openshift-monitoring,critical,false,{"component": "monitoring"}
0,15,StressTestAlert_0734,openshift-monitoring,critical,false,{"component": "monitoring"}
0,15,StressTestAlert_0735,openshift-monitoring,critical,false,{"component": "monitoring"}
0,15,StressTestAlert_0736,openshift-monitoring,critical,false,{"component": "monitoring"}
0,15,StressTestAlert_0737,openshift-monitoring,critical,false,{"component": "monitoring"}
0,15,StressTestAlert_0738,openshift-monitoring,critical,false,{"component": "monitoring"}
0,15,StressTestAlert_0739,openshift-monitoring,critical,false,{"component": "monitoring"}
0,15,StressTestAlert_0740,openshift-monitoring,critical,false,{"component": "monitoring"}
0,15,StressTestAlert_0741,openshift-monitoring,critical,false,{"component": "monitoring"}
0,15,StressTestAlert_0742,openshift-monitoring,critical,false,{"component": "monitoring"}
0,15,StressTestAlert_0743,openshift-monitoring,critical,false,{"component": "monitoring"}
0,15,StressTestAlert_0744,openshift-monitoring,critical,false,{"component": "monitoring"}
0,15,StressTestAlert_0745,openshift-monitoring,critical,false,{"component": "monitoring"}
0,15,StressTestAlert_0746,openshift-monitoring,critical,false,{"component": "monitoring"}
0,15,StressTestAlert_0747,openshift-monitoring,critical,false,{"component": "monitoring"}
0,15,StressTestAlert_0748,openshift-monitoring,critical,false,{"component": "monitoring"}
0,15,StressTestAlert_0749,openshift-monitoring,critical,false,{"component": "monitoring"}
0,15,StressTestAlert_0750,openshift-monitoring,critical,false,{"component": "monitoring"}
0,15,StressTestAlert_0751,openshift-monitoring,critical,false,{"component": "monitoring"}
0,15,StressTestAlert_0752,openshift-monitoring,critical,false,{"component": "monitoring"}
0,15,StressTestAlert_0753,openshift-monitoring,critical,false,{"component": "monitoring"}
0,15,StressTestAlert_0754,openshift-monitoring,critical,false,{"component": "monitoring"}
0,15,StressTestAlert_0755,openshift-monitoring,critical,false,{"component": "monitoring"}
0,15,StressTestAlert_0756,openshift-monitoring,critical,false,{"component": "monitoring"}
0,15,StressTestAlert_0757,openshift-monitoring,critical,false,{"component": "monitoring"}
0,15,StressTestAlert_0758,openshift-monitoring,critical,false,{"component": "monitoring"}
0,15,StressTestAlert_0759,openshift-monitoring,critical,false,{"component": "monitoring"}
0,15,StressTestAlert_0760,openshift-monitoring,critical,false,{"component": "monitoring"}
0,15,StressTestAlert_0761,openshift-monitoring,critical,false,{"component": "monitoring"}
0,15,StressTestAlert_0762,openshift-monitoring,critical,false,{"component": "monitoring"}
0,15,StressTestAlert_0763,openshift-monitoring,critical,false,{"component": "monitoring"}
0,15,StressTestAlert_0764,openshift-monitoring,critical,false,{"component": "monitoring"}
0,15,StressTestAlert_0765,openshift-monitoring,critical,false,{"component": "monitoring"}
0,15,StressTestAlert_0766,openshift-monitoring,critical,false,{"component": "monitoring"}
0,15,StressTestAlert_0767,openshift-monitoring,critical,false,{"component": "monitoring"}
0,15,StressTestAlert_0768,openshift-monitoring,critical,false,{"component": "monitoring"}
0,15,StressTestAlert_0769,openshift-monitoring,critical,false,{"component": "monitoring"}
0,15,StressTestAlert_0770,openshift-monitoring,critical,false,{"component": "monitoring"}
0,15,StressTestAlert_0771,openshift-monitoring,critical,false,{"component": "monitoring"}
0,15,StressTestAlert_0772,openshift-monitoring,critical,false,{"component": "monitoring"}
0,15,StressTestAlert_0773,openshift-monitoring,critical,false,{"component": "monitoring"}
0,15,StressTestAlert_0774,openshift-monitoring,critical,false,{"component": "monitoring"}
0,15,StressTestAlert_0775,openshift-monitoring,critical,false,{"component": "monitoring"}
0,15,StressTestAlert_0776,openshift-monitoring,critical,false,{"component": "monitoring"}
0,15,StressTestAlert_0777,openshift-monitoring,critical,false,{"component": "monitoring"}
0,15,StressTestAlert_0778,openshift-monitoring,critical,false,{"component": "monitoring"}
0,15,StressTestAlert_0779,openshift-monitoring,critical,false,{"component": "monitoring"}
0,15,StressTestAlert_0780,openshift-monitoring,critical,false,{"component": "monitoring"}
0,15,StressTestAlert_0781,openshift-monitoring,critical,false,{"component": "monitoring"}
0,15,StressTestAlert_0782,openshift-monitoring,critical,false,{"component": "monitoring"}
0,15,StressTestAlert_0783,openshift-monitoring,critical,false,{"component": "monitoring"}
0,15,StressTestAlert_0784,openshift-monitoring,critical,false,{"component": "monitoring"}
0,15,StressTestAlert_0785,openshift-monitoring,critical,false,{"component": "monitoring"}
0,15,StressTestAlert_0786,openshift-monitoring,critical,false,{"component": "monitoring"}
0,15,StressTestAlert_0787,openshift-monitoring,critical,false,{"component": "monitoring"}
0,15,StressTestAlert_0788,openshift-monitoring,critical,false,{"component": "monitoring"}
0,15,StressTestAlert_0789,openshift-monitoring,critical,false,{"component": "monitoring"}
0,15,StressTestAlert_0790,openshift-monitoring,critical,false,{"component": "monitoring"}
0,15,StressTestAlert_0791,openshift-monitoring,critical,false,{"component": "monitoring"}
0,15,StressTestAlert_0792,openshift-monitoring,critical,false,{"component": "monitoring"}
0,15,StressTestAlert_0793,openshift-monitoring,critical,false,{"component": "monitoring"}
0,15,StressTestAlert_0794,openshift-monitoring,critical,false,{"component": "monitoring"}
0,15,StressTestAlert_0795,openshift-monitoring,critical,false,{"component": "monitoring"}
0,15,StressTestAlert_0796,openshift-monitoring,critical,false,{"component": "monitoring"}
0,15,StressTestAlert_0797,openshift-monitoring,critical,false,{"component": "monitoring"}
0,15,StressTestAlert_0798,openshift-monitoring,critical,false,{"component": "monitoring"}
0,15,StressTestAlert_0799,openshift-monitoring,critical,false,{"component": "monitoring"}
0,15,StressTestAlert_0800,openshift-monitoring,critical,false,{"component": "monitoring"}
0,15,StressTestAlert_0801,openshift-monitoring,critical,false,{"component": "monitoring"}
0,15,StressTestAlert_0802,openshift-monitoring,critical,false,{"component": "monitoring"}
0,15,StressTestAlert_0803,openshift-monitoring,critical,false,{"component": "monitoring"}
0,15,StressTestAlert_0804,openshift-monitoring,critical,false,{"component": "monitoring"}
0,15,StressTestAlert_0805,openshift-monitoring,critical,false,{"component": "monitoring"}
0,15,StressTestAlert_0806,openshift-monitoring,critical,false,{"component": "monitoring"}
0,15,StressTestAlert_0807,openshift-monitoring,critical,false,{"component": "monitoring"}
0,15,StressTestAlert_0808,openshift-monitoring,critical,false,{"component": "monitoring"}
0,15,StressTestAlert_0809,openshift-monitoring,critical,false,{"component": "monitoring"}
0,15,StressTestAlert_0810,openshift-monitoring,critical,false,{"component": "monitoring"}
0,15,StressTestAlert_0811,openshift-monitoring,critical,false,{"component": "monitoring"}
0,15,StressTestAlert_0812,openshift-monitoring,critical,false,{"component": "monitoring"}
0,15,StressTestAlert_0813,openshift-monitoring,critical,false,{"component": "monitoring"}
0,15,StressTestAlert_0814,openshift-monitoring,critical,false,{"component": "monitoring"}
0,15,StressTestAlert_0815,openshift-monitoring,critical,false,{"component": "monitoring"}
0,15,StressTestAlert_0816,openshift-monitoring,critical,false,{"component": "monitoring"}
0,15,StressTestAlert_0817,openshift-monitoring,critical,false,{"component": "monitoring"}
0,15,StressTestAlert_0818,openshift-monitoring,critical,false,{"component": "monitoring"}
0,15,StressTestAlert_0819,openshift-monitoring,critical,false,{"component": "monitoring"}
0,15,StressTestAlert_0820,openshift-monitoring,critical,false,{"component": "monitoring"}
0,15,StressTestAlert_0821,openshift-monitoring,critical,false,{"component": "monitoring"}
0,15,StressTestAlert_0822,openshift-monitoring,critical,false,{"component": "monitoring"}
0,15,StressTestAlert_0823,openshift-monitoring,critical,false,{"component": "monitoring"}
0,15,StressTestAlert_0824,openshift-monitoring,critical,false,{"component": "monitoring"}
0,15,StressTestAlert_0825,openshift-monitoring,critical,false,{"component": "monitoring"}
0,15,StressTestAlert_0826,openshift-monitoring,critical,false,{"component": "monitoring"}
0,15,StressTestAlert_0827,openshift-monitoring,critical,false,{"component": "monitoring"}
0,15,StressTestAlert_0828,openshift-monitoring,critical,false,{"component": "monitoring"}
0,15,StressTestAlert_0829,openshift-monitoring,critical,false,{"component": "monitoring"}
0,15,StressTestAlert_0830,openshift-monitoring,critical,false,{"component": "monitoring"}
0,15,StressTestAlert_0831,openshift-monitoring,critical,false,{"component": "monitoring"}
0,15,StressTestAlert_0832,openshift-monitoring,critical,false,{"component": "monitoring"}
0,15,StressTestAlert_0833,openshift-monitoring,critical,false,{"component": "monitoring"}
0,15,StressTestAlert_0834,openshift-monitoring,critical,false,{"component": "monitoring"}
0,15,StressTestAlert_0835,openshift-monitoring,critical,false,{"component": "monitoring"}
0,15,StressTestAlert_0836,openshift-monitoring,critical,false,{"component": "monitoring"}
0,15,StressTestAlert_0837,openshift-monitoring,critical,false,{"component": "monitoring"}
0,15,StressTestAlert_0838,openshift-monitoring,critical,false,{"component": "monitoring"}
0,15,StressTestAlert_0839,openshift-monitoring,critical,false,{"component": "monitoring"}
0,15,StressTestAlert_0840,openshift-monitoring,critical,false,{"component": "monitoring"}
0,15,StressTestAlert_0841,openshift-monitoring,critical,false,{"component": "monitoring"}
0,15,StressTestAlert_0842,openshift-monitoring,critical,false,{"component": "monitoring"}
0,15,StressTestAlert_0843,openshift-monitoring,critical,false,{"component": "monitoring"}
0,15,StressTestAlert_0844,openshift-monitoring,critical,false,{"component": "monitoring"}
0,15,StressTestAlert_0845,openshift-monitoring,critical,false,{"component": "monitoring"}
0,15,StressTestAlert_0846,openshift-monitoring,critical,false,{"component": "monitoring"}
0,15,StressTestAlert_0847,openshift-monitoring,critical,false,{"component": "monitoring"}
0,15,StressTestAlert_0848,openshift-monitoring,critical,false,{"component": "monitoring"}
0,15,StressTestAlert_0849,openshift-monitoring,critical,false,{"component": "monitoring"}
0,15,StressTestAlert_0850,openshift-monitoring,critical,false,{"component": "monitoring"}
0,15,StressTestAlert_0851,openshift-monitoring,critical,false,{"component": "monitoring"}
0,15,StressTestAlert_0852,openshift-monitoring,critical,false,{"component": "monitoring"}
0,15,StressTestAlert_0853,openshift-monitoring,critical,false,{"component": "monitoring"}
0,15,StressTestAlert_0854,openshift-monitoring,critical,false,{"component": "monitoring"}
0,15,StressTestAlert_0855,openshift-monitoring,critical,false,{"component": "monitoring"}
0,15,StressTestAlert_0856,openshift-monitoring,critical,false,{"component": "monitoring"}
0,15,StressTestAlert_0857,openshift-monitoring,critical,false,{"component": "monitoring"}
0,15,StressTestAlert_0858,openshift-monitoring,critical,false,{"component": "monitoring"}
0,15,StressTestAlert_0859,openshift-monitoring,critical,false,{"component": "monitoring"}
0,15,StressTestAlert_0860,openshift-monitoring,critical,false,{"component": "monitoring"}
0,15,StressTestAlert_0861,openshift-monitoring,critical,false,{"component": "monitoring"}
0,15,StressTestAlert_0862,openshift-monitoring,critical,false,{"component": "monitoring"}
0,15,StressTestAlert_0863,openshift-monitoring,critical,false,{"component": "monitoring"}
0,15,StressTestAlert_0864,openshift-monitoring,critical,false,{"component": "monitoring"}
0,15,StressTestAlert_0865,openshift-monitoring,critical,false,{"component": "monitoring"}
0,15,StressTestAlert_0866,openshift-monitoring,critical,false,{"component": "monitoring"}
0,15,StressTestAlert_0867,openshift-monitoring,critical,false,{"component": "monitoring"}
0,15,StressTestAlert_0868,openshift-monitoring,critical,false,{"component": "monitoring"}
0,15,StressTestAlert_0869,openshift-monitoring,critical,false,{"component": "monitoring"}
0,15,StressTestAlert_0870,openshift-monitoring,critical,false,{"component": "monitoring"}
0,15,StressTestAlert_0871,openshift-monitoring,critical,false,{"component": "monitoring"}
0,15,StressTestAlert_0872,openshift-monitoring,critical,false,{"component": "monitoring"}
0,15,StressTestAlert_0873,openshift-monitoring,critical,false,{"component": "monitoring"}
0,15,StressTestAlert_0874,openshift-monitoring,critical,false,{"component": "monitoring"}
0,15,StressTestAlert_0875,openshift-monitoring,critical,false,{"component": "monitoring"}
0,15,StressTestAlert_0876,openshift-monitoring,critical,false,{"component": "monitoring"}
0,15,StressTestAlert_0877,openshift-monitoring,critical,false,{"component": "monitoring"}
0,15,StressTestAlert_0878,openshift-monitoring,critical,false,{"component": "monitoring"}
0,15,StressTestAlert_0879,openshift-monitoring,critical,false,{"component": "monitoring"}
0,15,StressTestAlert_0880,openshift-monitoring,critical,false,{"component": "monitoring"}
0,15,StressTestAlert_0881,openshift-monitoring,critical,false,{"component": "monitoring"}
0,15,StressTestAlert_0882,openshift-monitoring,critical,false,{"component": "monitoring"}
0,15,StressTestAlert_0883,openshift-monitoring,critical,false,{"component": "monitoring"}
0,15,StressTestAlert_0884,openshift-monitoring,critical,false,{"component": "monitoring"}
0,15,StressTestAlert_0885,openshift-monitoring,critical,false,{"component": "monitoring"}
0,15,StressTestAlert_0886,openshift-monitoring,critical,false,{"component": "monitoring"}
0,15,StressTestAlert_0887,openshift-monitoring,critical,false,{"component": "monitoring"}
0,15,StressTestAlert_0888,openshift-monitoring,critical,false,{"component": "monitoring"}
0,15,StressTestAlert_0889,openshift-monitoring,critical,false,{"component": "monitoring"}
0,15,StressTestAlert_0890,openshift-monitoring,critical,false,{"component": "monitoring"}
0,15,StressTestAlert_0891,openshift-monitoring,critical,false,{"component": "monitoring"}
0,15,StressTestAlert_0892,openshift-monitoring,critical,false,{"component": "monitoring"}
0,15,StressTestAlert_0893,openshift-monitoring,critical,false,{"component": "monitoring"}
0,15,StressTestAlert_0894,openshift-monitoring,critical,false,{"component": "monitoring"}
0,15,StressTestAlert_0895,openshift-monitoring,critical,false,{"component": "monitoring"}
0,15,StressTestAlert_0896,openshift-monitoring,critical,false,{"component": "monitoring"}
0,15,StressTestAlert_0897,openshift-monitoring,critical,false,{"component": "monitoring"}
0,15,StressTestAlert_0898,openshift-monitoring,critical,false,{"component": "monitoring"}
0,15,StressTestAlert_0899,openshift-monitoring,critical,false,{"component": "monitoring"}
0,15,StressTestAlert_0900,openshift-monitoring,critical,false,{"component": "monitoring"}
0,15,StressTestAlert_0901,openshift-monitoring,critical,false,{"component": "monitoring"}
0,15,StressTestAlert_0902,openshift-monitoring,critical,false,{"component": "monitoring"}
0,15,StressTestAlert_0903,openshift-monitoring,critical,false,{"component": "monitoring"}
0,15,StressTestAlert_0904,openshift-monitoring,critical,false,{"component": "monitoring"}
0,15,StressTestAlert_0905,openshift-monitoring,critical,false,{"component": "monitoring"}
0,15,StressTestAlert_0906,openshift-monitoring,critical,false,{"component": "monitoring"}
0,15,StressTestAlert_0907,openshift-monitoring,critical,false,{"component": "monitoring"}
0,15,StressTestAlert_0908,openshift-monitoring,critical,false,{"component": "monitoring"}
0,15,StressTestAlert_0909,openshift-monitoring,critical,false,{"component": "monitoring"}
0,15,StressTestAlert_0910,openshift-monitoring,critical,false,{"component": "monitoring"}
0,15,StressTestAlert_0911,openshift-monitoring,critical,false,{"component": "monitoring"}
0,15,StressTestAlert_0912,openshift-monitoring,critical,false,{"component": "monitoring"}
0,15,StressTestAlert_0913,openshift-monitoring,critical,false,{"component": "monitoring"}
0,15,StressTestAlert_0914,openshift-monitoring,critical,false,{"component": "monitoring"}
0,15,StressTestAlert_0915,openshift-monitoring,critical,false,{"component": "monitoring"}
0,15,StressTestAlert_0916,openshift-monitoring,critical,false,{"component": "monitoring"}
0,15,StressTestAlert_0917,openshift-monitoring,critical,false,{"component": "monitoring"}
0,15,StressTestAlert_0918,openshift-monitoring,critical,false,{"component": "monitoring"}
0,15,StressTestAlert_0919,openshift-monitoring,critical,false,{"component": "monitoring"}
0,15,StressTestAlert_0920,openshift-monitoring,critical,false,{"component": "monitoring"}
0,15,StressTestAlert_0921,openshift-monitoring,critical,false,{"component": "monitoring"}
0,15,StressTestAlert_0922,openshift-monitoring,critical,false,{"component": "monitoring"}
0,15,StressTestAlert_0923,openshift-monitoring,critical,false,{"component": "monitoring"}
0,15,StressTestAlert_0924,openshift-monitoring,critical,false,{"component": "monitoring"}
0,15,StressTestAlert_0925,openshift-monitoring,critical,false,{"component": "monitoring"}
0,15,StressTestAlert_0926,openshift-monitoring,critical,false,{"component": "monitoring"}
0,15,StressTestAlert_0927,openshift-monitoring,critical,false,{"component": "monitoring"}
0,15,StressTestAlert_0928,openshift-monitoring,critical,false,{"component": "monitoring"}
0,15,StressTestAlert_0929,openshift-monitoring,critical,false,{"component": "monitoring"}
0,15,StressTestAlert_0930,openshift-monitoring,critical,false,{"component": "monitoring"}
0,15,StressTestAlert_0931,openshift-monitoring,critical,false,{"component": "monitoring"}
0,15,StressTestAlert_0932,openshift-monitoring,critical,false,{"component": "monitoring"}
0,15,StressTestAlert_0933,openshift-monitoring,critical,false,{"component": "monitoring"}
0,15,StressTestAlert_0934,openshift-monitoring,critical,false,{"component": "monitoring"}
0,15,StressTestAlert_0935,openshift-monitoring,critical,false,{"component": "monitoring"}
0,15,StressTestAlert_0936,openshift-monitoring,critical,false,{"component": "monitoring"}
0,15,StressTestAlert_0937,openshift-monitoring,critical,false,{"component": "monitoring"}
0,15,StressTestAlert_0938,openshift-monitoring,critical,false,{"component": "monitoring"}
0,15,StressTestAlert_0939,openshift-monitoring,critical,false,{"component": "monitoring"}
0,15,StressTestAlert_0940,openshift-monitoring,critical,false,{"component": "monitoring"}
0,15,StressTestAlert_0941,openshift-monitoring,critical,false,{"component": "monitoring"}
0,15,StressTestAlert_0942,openshift-monitoring,critical,false,{"component": "monitoring"}
0,15,StressTestAlert_0943,openshift-monitoring,critical,false,{"component": "monitoring"}
0,15,StressTestAlert_0944,openshift-monitoring,critical,false,{"component": "monitoring"}
0,15,StressTestAlert_0945,openshift-monitoring,critical,false,{"component": "monitoring"}
0,15,StressTestAlert_0946,openshift-monitoring,critical,false,{"component": "monitoring"}
0,15,StressTestAlert_0947,openshift-monitoring,critical,false,{"component": "monitoring"}
0,15,StressTestAlert_0948,openshift-monitoring,critical,false,{"component": "monitoring"}
0,15,StressTestAlert_0949,openshift-monitoring,critical,false,{"component": "monitoring"}
0,15,StressTestAlert_0950,openshift-monitoring,critical,false,{"component": "monitoring"}
0,15,StressTestAlert_0951,openshift-monitoring,critical,false,{"component": "monitoring"}
0,15,StressTestAlert_0952,openshift-monitoring,critical,false,{"component": "monitoring"}
0,15,StressTestAlert_0953,openshift-monitoring,critical,false,{"component": "monitoring"}
0,15,StressTestAlert_0954,openshift-monitoring,critical,false,{"component": "monitoring"}
0,15,StressTestAlert_0955,openshift-monitoring,critical,false,{"component": "monitoring"}
0,15,StressTestAlert_0956,openshift-monitoring,critical,false,{"component": "monitoring"}
0,15,StressTestAlert_0957,openshift-monitoring,critical,false,{"component": "monitoring"}
0,15,StressTestAlert_0958,openshift-monitoring,critical,false,{"component": "monitoring"}
0,15,StressTestAlert_0959,openshift-monitoring,critical,false,{"component": "monitoring"}
0,15,StressTestAlert_0960,openshift-monitoring,critical,false,{"component": "monitoring"}
0,15,StressTestAlert_0961,openshift-monitoring,critical,false,{"component": "monitoring"}
0,15,StressTestAlert_0962,openshift-monitoring,critical,false,{"component": "monitoring"}
0,15,StressTestAlert_0963,openshift-monitoring,critical,false,{"component": "monitoring"}
0,15,StressTestAlert_0964,openshift-monitoring,critical,false,{"component": "monitoring"}
0,15,StressTestAlert_0965,openshift-monitoring,critical,false,{"component": "monitoring"}
0,15,StressTestAlert_0966,openshift-monitoring,critical,false,{"component": "monitoring"}
0,15,StressTestAlert_0967,openshift-monitoring,critical,false,{"component": "monitoring"}
0,15,StressTestAlert_0968,openshift-monitoring,critical,false,{"component": "monitoring"}
0,15,StressTestAlert_0969,openshift-monitoring,critical,false,{"component": "monitoring"}
0,15,StressTestAlert_0970,openshift-monitoring,critical,false,{"component": "monitoring"}
0,15,StressTestAlert_0971,openshift-monitoring,critical,false,{"component": "monitoring"}
0,15,StressTestAlert_0972,openshift-monitoring,critical,false,{"component": "monitoring"}
0,15,StressTestAlert_0973,openshift-monitoring,critical,false,{"component": "monitoring"}
0,15,StressTestAlert_0974,openshift-monitoring,critical,false,{"component": "monitoring"}
0,15,StressTestAlert_0975,openshift-monitoring,critical,false,{"component": "monitoring"}
0,15,StressTestAlert_0976,openshift-monitoring,critical,false,{"component": "monitoring"}
0,15,StressTestAlert_0977,openshift-monitoring,critical,false,{"component": "monitoring"}
0,15,StressTestAlert_0978,openshift-monitoring,critical,false,{"component": "monitoring"}
0,15,StressTestAlert_0979,openshift-monitoring,critical,false,{"component": "monitoring"}
0,15,StressTestAlert_0980,openshift-monitoring,critical,false,{"component": "monitoring"}
0,15,StressTestAlert_0981,openshift-monitoring,critical,false,{"component": "monitoring"}
0,15,StressTestAlert_0982,openshift-monitoring,critical,false,{"component": "monitoring"}
0,15,StressTestAlert_0983,openshift-monitoring,critical,false,{"component": "monitoring"}
0,15,StressTestAlert_0984,openshift-monitoring,critical,false,{"component": "monitoring"}
0,15,StressTestAlert_0985,openshift-monitoring,critical,false,{"component": "monitoring"}
0,15,StressTestAlert_0986,openshift-monitoring,critical,false,{"component": "monitoring"}
0,15,StressTestAlert_0987,openshift-monitoring,critical,false,{"component": "monitoring"}
0,15,StressTestAlert_0988,openshift-monitoring,critical,false,{"component": "monitoring"}
0,15,StressTestAlert_0989,openshift-monitoring,critical,false,{"component": "monitoring"}
0,15,StressTestAlert_0990,openshift-monitoring,critical,false,{"component": "monitoring"}
0,15,StressTestAlert_0991,openshift-monitoring,critical,false,{"component": "monitoring"}
0,15,StressTestAlert_0992,openshift-monitoring,critical,false,{"component": "monitoring"}
0,15,StressTestAlert_0993,openshift-monitoring,critical,false,{"component": "monitoring"}
0,15,StressTestAlert_0994,openshift-monitoring,critical,false,{"component": "monitoring"}
0,15,StressTestAlert_0995,openshift-monitoring,critical,false,{"component": "monitoring"}
0,15,StressTestAlert_0996,openshift-monitoring,critical,false,{"component": "monitoring"}
0,15,StressTestAlert_0997,openshift-monitoring,critical,false,{"component": "monitoring"}
0,15,StressTestAlert_0998,openshift-monitoring,critical,false,{"component": "monitoring"}
0,15,StressTestAlert_0999,openshift-monitoring,critical,false,{"component": "monitoring"}
0,15,StressTestAlert_1000,openshift-monitoring,critical,false,{"component": "monitoring"}
